weekly,ENERGY,POINT,AREA,MOBILE,FLAT
0,0.151428571,0.154285714,0.154285714,0.145714286,0.142857143
1,0.151428571,0.154285714,0.154285714,0.151428571,0.142857143
2,0.151428571,0.154285714,0.154285714,0.154285714,0.142857143
3,0.151428571,0.154285714,0.154285714,0.157142857,0.142857143
4,0.151428571,0.154285714,0.154285714,0.162857143,0.142857143
5,0.121428571,0.114285714,0.114285714,0.115714286,0.142857143
6,0.121428571,0.114285714,0.114285714,0.112857143,0.142857143
